,titles,ratings
4,'R Xmas,5.8
5,'Til There Was You,4.8
7,"'night, Mother",7.6
30,10 Items or Less,6.6
67,12 Monkeys,8.0
80,13 Going on 30,6.2
90,1408,6.8
96,16 Years of Alcohol,6.3
102,1776,7.6
152,2001: A Space Odyssey,8.3
185,27 Missing Kisses,6.7
192,2:37,6.8
207,3 Ninjas,5.3
273,50 First Dates,6.8
280,52 Pick-Up,6.4
282,54,5.9
293,666: The Child,2.8
306,7 Zwerge – Der Wald ist nicht genug,4.1
329,8mm,6.5
330,8mm 2,4.5
332,8½ Women,5.8
335,9 to 5,6.8
343,9½ Weeks,6.0
350,A Beautiful Mind,8.2
369,A Brief History of Time,7.3
383,A Cat in the Brain,5.7
386,A Chef in Love,6.8
388,A Chinese Ghost Story,7.5
390,A Chinese Ghost Story III,6.7
393,A Chinese Tall Story,4.9
394,A Chorus Line,6.2
395,A Christmas Carol,7.8
400,A Christmas Tale,7.1
413,A Connecticut Yankee in King Arthur's Court,6.6
420,A Cry in the Wild,5.5
430,A Decade Under the Influence,7.6
435,A Dog of Flanders,6.4
440,A Double Life,7.0
453,A Farewell to Arms,5.9
467,A Foreign Affair,7.3
500,A Guy Thing,5.6
549,A Little Princess,7.7
560,A Love Song for Bobby Long,7.1
582,A Matter of Life and Death,8.1
587,A Midnight Clear,7.1
588,A Midsummer Night's Dream,6.4
589,A Midsummer Night's Sex Comedy,6.6
598,A Month by the Lake,6.2
615,A Nightmare on Elm Street 3: Dream Warriors,6.6
617,A Nightmare on Elm Street 5: The Dream Child,5.2
621,A Perfect Couple,6.7
637,A Prayer for the Dying,6.3
638,A Price Above Rubies,6.6
643,A Pure Formality,7.7
644,A Pyromaniac's Love Story,5.3
658,A River Runs Through It,7.2
678,A Short Film About Love,8.2
688,A Simple Twist of Fate,6.3
695,A Smile Like Yours,4.9
701,A Sound of Thunder,4.2
702,A Special Day,8.1
703,A Star Is Born,6.2
715,A Tale of Two Sisters,7.2
724,A Thousand Acres,6.1
725,A Thousand Clouds of Peace,5.9
734,A Time to Kill,7.5
738,A Touch of Spice,7.5
751,A Walk in the Clouds,6.7
754,A Walk on the Moon,6.6
768,A Woman Under the Influence,8.2
792,AKA,6.2
800,Aag,1.7
805,Aalavandhan,7.2
861,Absolute Beginners,5.5
870,Accepted,6.4
890,Acolytes,5.6
896,Across the Wide Missouri,6.2
898,Acting on Impulse,6.1
909,Adam & Paul,7.1
941,Adventures in Babysitting,6.9
963,"After Dark, My Sweet",6.6
995,Against All Flags,6.6
998,Against the Law,4.6
1000,Agata and the Storm,6.5
1040,Air America,5.8
1041,Air Bud: Golden Receiver,4.5
1044,Air Bud: World Pup,4.6
1056,Airport '77,5.7
1073,Akira,8.0
1074,Aksar,4.8
1096,Albino Alligator,6.1
1106,Alex l'ariete,1.9
1115,Algiers,6.7
1124,Alice,6.6
1130,Alice's Odyssey,5.3
1143,Alien from L.A.,2.9
1147,Alienator,3.2
1150,Aliens vs. Predator: Requiem,4.7
1173,All I Want,6.0
1186,All Over the Guy,6.5
1200,"All This, and Heaven Too",7.5
1204,All about Lily Chou-Chou,7.6
1211,All the Boys Love Mandy Lane,5.5
1212,All the Days Before Tomorrow,6.1
1230,Alles auf Zucker!,6.7
1253,Alone in the Dark,2.4
1256,Along Came Polly,6.0
1269,Altered,5.6
1274,Always,6.4
1294,Amazing Grace and Chuck,5.9
1301,Ambushed,5.9
1307,America's Sweethearts,5.7
1312,American Buffalo,5.7
1313,American Cowslip,5.0
1339,American Movie,7.9
1340,American Ninja,5.5
1348,American Perfekt,6.1
1352,American Pie Presents: Beta House,5.3
1357,American Psycho,7.6
1382,Amityville: A New Generation,3.8
1387,Among Giants,5.9
1410,An Alligator Named Daisy,5.3
1418,An American Werewolf in Paris,5.1
1419,An American in Paris,7.2
1428,An Englishman in New York,7.2
1437,An Inconvenient Truth,7.4
1459,Anamorph,5.5
1463,Anatomy,6.1
1469,Anchors Aweigh,7.1
1473,And Now You're Dead,6.1
1475,And Now... Ladies and Gentlemen,6.2
1485,Andaz Apna Apna,8.2
1498,Angel Baby,7.0
1504,Angel Town,5.0
1510,Angel-A,7.1
1513,Angels & Demons,6.7
1519,Angels in the Outfield,6.2
1520,Angels of the Universe,7.6
1532,Animal,5.0
1540,Anita Takes a Chance,6.6
1546,Anna,6.4
1548,Anna Christie,6.6
1556,Anna and the King of Siam,7.0
1565,Anne of the Indies,6.7
1617,Antitrust,6.1
1624,Ants in the Pants,5.0
1625,Antwone Fisher,7.3
1633,Any Given Sunday,6.9
1635,Any Way the Wind Blows,7.2
1640,Anything for Love,5.8
1642,Anywhere but Here,6.2
1655,Apocalypse Now,8.4
1675,April,7.0
1677,April Captains,7.1
1690,Aquamarine,5.3
1726,Armageddon,6.7
1727,Armed and Dangerous,5.7
1729,Armored,5.7
1754,Artemisia,6.6
1755,Arthur,6.9
1775,As It Is in Heaven,7.5
1791,Ashes of Time,7.2
1798,Ask the Dust,5.8
1806,Assassination,5.2
1812,Assault on Precinct 13,6.3
1819,Astitva,7.2
1825,Asylum of the Damned,3.4
1838,At the Earth's Core,5.1
1856,Ator l'invincibile 2,2.3
1858,Attack Force,2.8
1860,Attack of the 50 Foot Woman,5.1
1864,Attack on Leningrad,6.1
1899,Austin Powers: The Spy Who Shagged Me,6.6
1910,Autumn Spring,7.6
1916,Avalon,6.4
1941,Azumi 2: Death or Love,6.3
1962,Baba,4.8
1969,Babette's Feast,7.8
1980,Baby Face,7.6
1982,Baby Mama,6.0
1983,Baby: Secret of the Lost Legend,5.1
1996,Bachelor Party 2: The Last Temptation,5.1
2012,Backdraft,6.7
2068,Badland,6.2
2074,Baghban,7.4
2077,Baise-moi,4.4
2079,Bait,5.8
2101,Baltic Storm,3.9
2116,Bandit Queen,7.6
2135,Baptists at Our Barbecue,5.7
2150,Barbershop 2: Back in Business,5.7
2171,Barnyard,5.5
2185,Basic Instinct 2,4.3
2197,Bastard Out of Carolina,7.4
2210,Batman Returns,7.0
2219,Batman: Mystery of the Batwoman,6.7
2243,Battle of the Brave,5.4
2263,Be Cool,5.6
2281,Beastmaster 2: Through the Portal of Time,4.1
2284,Beat Street,6.5
2302,Beautiful People,6.6
2310,Beauty in Trouble,6.8
2319,Bed of Roses,6.1
2322,Bedrooms and Hallways,6.4
2347,Before Sunrise,8.1
2351,Before the Devil Knows You're Dead,7.3
2355,Before the Rains,6.5
2390,"Bell, Book and Candle",6.9
2404,Belle Époque,7.1
2409,Bells of Innocence,3.2
2417,"Belphegor, Phantom of the Louvre",4.5
2422,Ben X,7.4
2424,Bend It Like Beckham,6.6
2439,Benji,6.2
2446,Beowulf,4.1
2450,Beretta's Island,2.6
2462,Berserker,3.2
2471,Best Friends,5.4
2478,Best in Show,7.4
2487,Betsy's Wedding,5.6
2519,Beyond Rangoon,6.6
2535,Beyond the Poseidon Adventure,4.7
2539,Bhagam Bhag,6.4
2580,Big Fat Liar,5.4
2611,Bilitis,5.4
2612,Bill & Ted's Bogus Journey,6.3
2632,Bionicle: Mask of Light,5.6
2649,Birthday Girl,6.1
2653,Bite the Bullet,6.7
2669,Black Angel,7.0
2680,Black Christmas,7.2
2718,Black Snake,5.1
2719,Black Snake Moan,6.9
2727,Black Water,5.9
2747,Blade,7.1
2760,Blanche,3.0
2770,Bleed,3.4
2790,Blindsight,7.3
2794,Blithe Spirit,7.1
2798,Blonde Ambition,3.9
2799,Blonde and Blonder,2.8
2801,Blood & Chocolate,5.5
2818,Blood and Bone,6.7
2838,Bloodsuckers from Outer Space,4.8
2869,Blue Juice,5.3
2893,Boarding Gate,5.1
2899,Bobby Deerfield,5.9
2913,Body of Lies,7.1
2928,Bombardier,6.1
2933,Bon Voyage,6.7
2937,Bongwater,5.5
2938,Bonjour Monsieur Shlomi,7.5
2939,Bonjour tristesse,6.9
2948,Boogie Nights,7.9
2966,Borderland,5.7
2989,Born to Kill,7.2
3025,Boy Meets Girl,7.0
3044,Brain Dead,6.0
3058,Brand upon the Brain!,7.3
3079,Break Up,5.1
3085,Breaker! Breaker!,4.3
3093,Breaking Dawn,5.6
3110,Breezy,7.0
3112,Brewster McCloud,7.0
3123,Bride of Chucky,5.4
3139,Brigadoon,6.8
3143,Bright Leaves,7.2
3155,Bring It On: All or Nothing,5.6
3168,Broadcast News,7.2
3172,Brokedown Palace,6.5
3174,Broken Arrow,7.2
3176,Broken Bridges,6.0
3178,Broken Embraces,7.2
3185,Broken Sky,5.6
3188,Bronco Billy,6.1
3205,Brothers,7.1
3207,Brothers of the Head,6.4
3209,Brown Sugar,6.5
3210,Brown's Requiem,5.9
3213,Bruce Almighty,6.8
3217,Bruno,6.1
3222,Bubble,6.6
3230,Buddy,4.9
3240,Bugsy,6.8
3250,Bulletproof,5.8
3259,Bully,6.9
3320,By Hook or by Crook,5.7
3336,Bébé's Kids,5.8
3349,CIA Code Name: Alexa,4.4
3352,CQ,6.2
3358,Cabin Fever,5.7
3363,Cactus Flower,7.2
3367,Cadillac Man,5.7
3374,Café Lumière,6.9
3392,Caligula,5.4
3409,Camille,6.0
3410,Camille Claudel,7.3
3445,Cannibal Ferox,5.2
3455,Cape Fear,7.3
3461,Capote,7.3
3471,Captain Corelli's Mandolin,5.9
3489,Captivity,4.7
3497,Caravaggio,6.6
3511,Carlito's Way: Rise to Power,5.0
3513,Carmen,6.1
3524,Carnosaur 3: Primal Species,3.2
3525,Caro diario,7.3
3527,Carol's Journey,6.8
3533,Carriers,6.0
3547,Casanova Brown,6.3
3575,Castle Freak,5.9
3579,Casualties of War,7.1
3595,Catchfire,5.4
3633,Cement,6.6
3635,Cemetery Man,7.2
3648,Chachi 420,7.4
3655,Chained Heat,5.0
3666,Chan Is Missing,7.1
3668,Chances Are,6.5
3681,Changing Times,6.1
3682,Chaos,6.5
3690,Chapter Two,6.0
3702,Charlie Wilson's War,7.0
3711,Chasers,5.2
3728,Che Part 2: Guerrilla,6.9
3732,Cheats,6.1
3734,Cheech and Chong's Next Movie,6.1
3735,Cheeni Kum,6.8
3757,Chi-hwa-seon,7.2
3762,Chicago Cab,6.4
3766,Chico,6.9
3785,Children of a Lesser God,7.2
3787,Children of the Corn,5.7
3823,Chocolat,7.3
3827,Chokher Bali,6.9
3836,Chori Chori Chupke Chupke,5.4
3844,Christmas Evil,5.6
3848,Christmas on Mars,5.7
3863,Chungking Express,8.1
3870,Cimarron,5.9
3872,Cinderella,7.3
3884,Circuitry Man,4.6
3886,Circus,5.6
3902,City Hall,6.2
3910,City Streets,7.2
3921,City of Joy,6.5
3929,Claire Dolan,6.8
3936,Clash by Night,7.1
3943,Class of 1984,6.6
3946,Class of Nuke 'Em High,5.7
3951,Claudine,7.2
3958,Cleaner,6.1
3964,Cleopatra,6.5
3970,Cliffhanger,6.4
4008,Clubbed,6.8
4017,Cobb,6.4
4029,Cocoon,6.7
4033,Code 46,6.2
4043,Coffy,6.8
4045,Cohen and Tate,6.4
4055,Cold Heaven,6.0
4059,Cold Mountain,7.2
4070,Coldblooded,6.7
4082,Collision Course,4.6
4084,Colonel Chabert,6.9
4121,Comedian,6.9
4124,Comedy of Innocence,6.7
4134,Coming Out,6.9
4144,Committed,5.1
4164,Conceiving Ada,5.1
4189,Congo,5.3
4201,Conspiracy,7.7
4221,Convoy,6.4
4229,Cool and Crazy,7.0
4242,Copying Beethoven,6.8
4245,Cord,5.4
4247,Corky Romano,4.7
4252,Coronado,4.4
4257,"Corrina, Corrina",6.6
4263,Costa!,4.6
4295,Cover Girl,6.8
4297,Cowards Bend the Knee,7.0
4302,Coyote Ugly,5.7
4303,Crackerjack,6.8
4311,Crash,7.7
4326,Crazy,6.5
4338,Creator,6.2
4345,Creep,5.6
4347,Creepshow 2,6.1
4352,Crime Scenes,6.3
4358,Crimes and Misdemeanors,7.9
4359,Crimes of Passion,6.4
4365,Criminal Law,5.7
4369,Crimson Tide,7.3
4370,Criss Cross,7.5
4375,Critters 2: The Main Course,5.5
4376,Critters 3,4.4
4377,Critters 4,4.1
4381,Cromwell,6.9
4385,Crooklyn,7.0
4387,Cross Creek,7.0
4391,Crossfire,7.3
4396,Crossing the Bridge: The Sound of Istanbul,7.9
4401,Croupier,7.1
4407,Cruel Intentions 2,4.4
4415,Crush,5.9
4419,Cry Freedom,7.4
4422,"Cry, the Beloved Country",6.8
4423,Cry-Baby,6.5
4438,Cube Zero,5.7
4439,Cujo,6.1
4443,Cuore Sacro,6.4
4446,Curdled,5.9
4452,Curly Sue,5.9
4464,Cut,4.2
4474,Cyborg 2,3.9
4475,Cyborg 3: The Recycler,3.5
4484,Cypher,6.8
4487,Czech Dream,7.3
4492,D-War,3.5
4496,D.O.A.,6.2
4521,Dagon,6.2
4522,Dahmer,5.6
4523,Daisy,7.5
4543,Dan in Real Life,6.7
4546,Dance with Me,5.9
4576,Danton,7.5
4592,Dark Floors,4.5
4612,Dark Wolf,2.7
4620,Darkman III: Die Darkman Die,4.8
4621,Darkness,5.5
4625,Darling Lili,6.1
4627,Darr,7.8
4630,Darwin's Nightmare,7.5
4639,Dasavathaaram,7.2
4650,David Copperfield,7.3
4653,David and Bathsheba,6.1
4656,Dawn of the Dead,7.3
4685,Days of Heaven,7.8
4702,Dead & Buried,6.6
4705,Dead Air,5.2
4718,Dead Friend,6.1
4727,Dead Man Walking,7.5
4754,Dead or Alive: Final,5.7
4764,Deadly Prey,5.3
4777,Dear John,6.3
4789,Death Game,5.2
4791,Death Machine,5.7
4804,Death Smiles at a Murderer,5.9
4810,Death Wish 3,5.9
4818,Death in Venice,7.4
4829,Deathmaker,7.7
4830,Deathstalker,4.6
4833,Deathtrap,7.0
4838,Deceiver,6.7
4848,Decoy,4.8
4869,Deewaar,6.1
4870,Deewana,7.0
4897,Deliverance,7.7
4898,Delivering Milo,5.8
4901,Delta,6.4
4922,Demons 2,6.0
4954,Descent,4.8
4971,Desperate Measures,6.1
4973,Destination Moon,6.3
4998,Detention,4.1
5004,Detroit Rock City,6.9
5008,Deuces Wild,5.7
5015,Devil Hunter,3.4
5037,Dhol,6.1
5054,Diary of a Country Priest,8.0
5059,Diary of a Sex Addict,3.3
5067,Dick,6.1
5069,Dick Tracy,6.1
5094,Digging to China,6.9
5109,Dillinger,7.0
5120,Dinocroc,3.3
5130,Dirty Dancing,7.0
5144,Disappearances,4.9
5155,Disorganized Crime,6.4
5192,Doctor Detroit,5.3
5201,Dog Bite Dog,6.6
5203,Dog Days,7.1
5215,Dogtown and Z-Boys,7.7
5220,Dollman,5.4
5229,Dominick and Eugene,7.1
5230,Dominion: Prequel to the Exorcist,5.2
5231,Domino,5.9
5242,Don't Be a Menace to South Central While Drinking Your Juice in the Hood,6.6
5244,Don't Bother to Knock,6.9
5250,Don't Grieve,8.1
5252,Don't Look Back,6.1
5254,Don't Look Up,6.3
5271,Donnie Darko,8.0
5285,Doppelganger,4.3
5286,Dor,8.0
5303,Double Impact,5.6
5313,Doubt,7.5
5318,Down Argentine Way,6.6
5319,Down Periscope,6.2
5325,Down in the Valley,6.4
5326,Down to Earth,5.5
5328,Down to the Bone,6.7
5333,Downloading Nancy,5.8
5341,Dr. Dolittle,5.4
5349,Dr. Seuss' How the Grinch Stole Christmas,6.2
5354,Dracula,7.3
5355,Dracula 2000,4.9
5357,Dracula A.D. 1972,6.0
5359,Dracula II: Ascension,4.7
5387,Dragon Lord,6.5
5390,Dragon Squad,5.4
5396,Dragonheart,6.5
5405,Drawing Restraint 9,6.4
5419,Dreamgirls,6.5
5424,Dressed to Kill,7.1
5442,Driving Lessons,6.7
5471,Drømmen,7.3
5473,DuBarry Was a Lady,6.3
5478,"Dude, Where's My Car?",5.5
5540,Earth,8.0
5548,"East Palace, West Palace",6.4
5551,"East Side, West Side",6.9
5604,Edison,5.3
5622,Eight Legged Freaks,5.4
5645,El Bola,7.2
5672,El otro,5.9
5677,Election,7.1
5687,Elektra,4.7
5721,"Elvira, Mistress of the Dark",6.6
5724,Elvis Has Left the Building,5.2
5733,Embryo,5.1
5738,Emma,6.6
5743,Empire,6.0
5748,Employee of the Month,6.2
5751,En Soap,6.5
5757,Enchanted April,7.4
5761,End of Days,5.8
5782,Enigma,5.9
5791,Enter the Ninja,5.3
5801,Envy,4.8
5809,Eraser,6.1
5818,Ernest Saves Christmas,5.6
5843,Eskimo,7.0
5849,Esther Kahn,6.7
5856,Ethan Frome,6.3
5865,Europa,7.6
5866,Europa '51,7.5
5871,Eva & Adam,5.2
5873,Evan Almighty,5.4
5880,Even Cowgirls Get the Blues,4.4
5883,Evening,6.5
5889,"Eversmile, New Jersey",5.7
5892,Every Girl Should Be Married,6.4
5908,Everybody's Famous!,6.9
5914,Everything Is Illuminated,7.4
5925,Evil,6.4
5927,Evil Aliens,5.2
5928,Evil Angels,6.9
5939,Ewoks: The Battle for Endor,5.5
5954,Existenz,6.8
5986,Extremities,6.3
5992,Eye of the Needle,7.1
6032,Facing Windows,7.3
6034,Facing the Giants,6.6
6039,Factotum,6.6
6045,Faeries,5.7
6069,Falling for Grace,5.9
6073,Fame,6.6
6076,Family,5.8
6103,Fantastic Mr. Fox,7.9
6105,Far Cry,3.1
6111,Far from Home: The Adventures of Yellow Dog,6.4
6119,Farewell to the King,6.3
6120,"Farewell, Home Sweet Home",7.2
6136,Fast Food Fast Women,6.4
6138,Fast Getaway II,4.6
6141,"Fast, Cheap & Out of Control",7.2
6149,Fat Man and Little Boy,6.5
6161,Fatal Fury: The Motion Picture,6.7
6169,Father Hood,4.9
6178,Father of the Bride,6.5
6192,Fay Grim,6.2
6202,Fear of a Black Hat,7.2
6217,Feeling Minnesota,5.4
6220,Felicia's Journey,7.0
6222,Fellini's Casanova,7.2
6240,Festival in Cannes,6.0
6243,Fever Pitch,6.2
6246,Fidelity,5.8
6247,Fido,6.7
6251,Fierce People,6.5
6260,Fightgirl Ayse,6.5
6295,Finding Neverland,7.7
6308,Fire,7.2
6340,First Snow,6.2
6353,Fist of the North Star,8.3
6358,Five Across the Eyes,2.5
6360,Five Children and It,5.5
6367,Five Fingers,6.4
6389,Flashdance,6.2
6391,Flatliners,6.6
6406,Flight of Fury,3.5
6409,Flight of the Living Dead,5.1
6416,Flipper,5.3
6423,Flood,4.8
6445,Focus,6.7
6447,Folks!,5.8
6449,Following,7.5
6460,Fool for Love,6.1
6464,Foolish Wives,7.1
6468,Footlight Parade,7.6
6476,For Ever Mozart,6.4
6480,For Love or Money,6.2
6497,For a Lost Soldier,7.5
6503,For the Moment,6.0
6510,Forbidden Planet,7.6
6512,Forbidden Zone,6.7
6522,Forces of Nature,5.4
6537,Forgetting Sarah Marshall,7.1
6541,Forrest Gump,8.8
6553,Four Daughters,6.9
6561,Four Shades of Brown,7.3
6565,Four for Venice,6.7
6570,Foxes,6.1
6577,Frailty,7.2
6588,Frankenhooker,6.2
6591,Frankenstein Must Be Destroyed,6.8
6614,Fred Claus,5.6
6617,Freddy vs. Jason,5.7
6618,Freddy's Dead: The Final Nightmare,4.9
6636,Freebird,5.5
6650,French Connection II,6.8
6651,French Kiss,6.6
6655,Frenzy,7.4
6668,Friday Night Lights,7.2
6692,Fright Night Part 2,5.9
6704,From Dusk till Dawn,7.2
6713,From Russia with Love,7.7
6718,From the Edge of the City,6.5
6728,Frozen Land,7.4
6749,Full Metal Jacket,8.3
6757,Fullmetal Alchemist the Movie: Conqueror of Shamballa,7.4
6763,Fun with Dick and Jane,6.2
6765,Funky Forest,6.7
6766,Funky Monkey,3.5
6780,Fur,6.5
6794,G.I. Jane,5.9
6807,Gadar: Ek Prem Katha,7.2
6811,Galaxina,3.7
6823,Game Over: Kasparov and the Machine,6.8
6828,Gamera the Brave,6.6
6832,"Gandhi, My Father",7.3
6835,Gang of Roses,2.4
6852,Garam Masala,6.7
6854,Garbo Talks,6.4
6855,Garde à Vue,7.7
6857,Garden State,7.4
6861,Gardens of the Night,6.9
6872,Gaudi Afternoon,6.2
6897,Genova,6.0
6902,Gentlemen Marry Brunettes,5.1
6903,Gentlemen Prefer Blondes,7.2
6909,George of the Jungle 2,3.3
6910,Georgia,6.6
6911,Georgia Rule,5.8
6936,Get Smart,6.5
6942,Get on the Bus,6.7
6959,Ghilli,7.7
6971,Ghost Son,4.5
6973,Ghost Story,6.3
6975,Ghost Town,5.4
6986,Ghosts,6.9
6987,Ghosts Can't Do It,2.2
6994,Ghoulies IV,2.8
6998,Giant,7.6
7000,Gideon,6.6
7002,Gigantic,7.7
7014,Ginger Snaps Back,5.9
7017,Giorgino,7.4
7031,Girlfight,6.7
7049,Glass Tiger,7.7
7054,Glen or Glenda,4.2
7123,Godzilla vs. King Ghidorah,6.6
7137,Goin' South,6.2
7141,Going Berserk,5.3
7147,Going Overboard,1.8
7148,Going Places,7.3
7153,Gojoe,6.3
7157,Golden Balls,6.2
7183,Gone in 60 Seconds,6.5
7189,Good Advice,6.2
7192,Good Burger,5.7
7206,"Good Morning, Night",7.1
7212,Good Time Max,6.1
7214,Good Will Hunting,8.3
7226,"Goodbye, Mr. Chips",6.9
7252,Goya's Ghosts,6.9
7263,Graduation Day,4.8
7267,Grand Canyon,6.9
7269,Grand Champion,4.1
7274,Grand Theft Parsons,6.0
7276,Grandma's Boy,7.0
7288,Gray Matters,5.8
7291,Grease 2,4.4
7292,Great Balls of Fire!,6.2
7308,Green Street,7.5
7322,Grey Gardens,7.6
7323,Grey Owl,6.0
7324,"Greystoke: The Legend of Tarzan, Lord of the Apes",6.4
7342,Grizzly Man,7.8
7349,Grosse Pointe Blank,7.3
7354,Grow Your Own,6.8
7370,Guernsey,6.1
7374,Guest House Paradiso,6.2
7380,Guilty as Sin,5.6
7387,Gulliver's Travels,6.9
7390,Gumnaam,7.2
7401,Gung Ho,6.3
7402,Gunga Din,7.4
7417,Guys and Balls,6.7
7418,Guys and Dolls,7.2
7421,Gymkata,4.4
7426,Göta kanal 2 Kanalkampen,3.1
7429,H. G. Wells' The War of the Worlds,3.0
7430,H. G. Wells' War of the Worlds,3.2
7431,Habana Blues,7.2
7443,Haggard: The Movie,6.4
7446,Haiku Tunnel,6.1
7450,Hail the Judge,7.5
7453,Hair,7.6
7467,Half Past Dead,4.7
7468,Half Past Dead 2,4.4
7474,Hallam Foe,7.0
7477,Halloween,7.8
7485,Halloween: The Curse of Michael Myers,4.9
7489,Hamara Dil Aapke Paas Hai,5.6
7492,Hamilton,5.9
7494,Hamlet,6.7
7504,Hana-bi,7.8
7529,Hannibal,6.8
7540,Happenstance,6.8
7549,Happy Birthday to Me,6.1
7581,Hard Core Logo,7.4
7595,Hare Rama Hare Krishna,7.3
7596,Harem Suare,6.2
7598,Harlem Nights,6.1
7633,Hatchet,5.7
7644,Haunted Summer,6.3
7676,Head Above Water,6.0
7701,Heart of a Dog,8.7
7706,Heartbeeps,4.2
7711,Heartburn,6.1
7712,Heartland,7.3
7726,Heaven Can Wait,7.5
7735,Heaven's Gate,6.8
7751,Heights,6.9
7760,Helen of Troy,6.2
7765,Hell,6.8
7770,Hell Ride,5.1
7772,Hell and High Water,6.2
7782,Hellbound,4.9
7784,Hellboy,6.8
7790,Hello Mary Lou: Prom Night II,5.7
7840,Here on Earth,5.2
7846,Hero,7.9
7848,Hero and the Terror,5.3
7856,Hey Arnold!: The Movie,6.0
7858,Hey Ram,7.9
7886,High Art,6.6
7890,High Heels,7.1
7916,Higher Learning,6.5
7917,Higher and Higher,6.0
7954,Hitch,6.6
7970,Hobgoblins,2.3
7991,Hollow Man,5.8
7993,Hollow Point,5.8
7995,Holly,6.8
7999,Hollywood Homicide,5.3
8000,Hollywood North,5.4
8001,Hollywood Shuffle,7.0
8020,Home Alone 3,4.5
8027,Home Room,7.2
8037,Homegrown,5.8
8043,Homicide,7.1
8063,Honky Tonk Freeway,5.0
8066,Honor,4.3
8074,Hooper,6.4
8075,Hoosiers,7.5
8076,Hoot,5.5
8079,Hope Floats,6.0
8110,Hot Millions,6.9
8112,Hot Rod,6.7
8152,House of Angels,6.3
8156,House of D,7.0
8157,House of Dracula,5.8
8160,House of Flying Daggers,7.5
8164,House of Games,7.3
8170,House of Wax,5.3
8171,House of the Dead,2.0
8188,How I Got into College,5.8
8194,How She Move,3.5
8206,How to Eat Fried Worms,5.3
8207,How to Get Rid of Others,6.0
8209,How to Lose Friends & Alienate People,6.4
8215,How to Marry a Millionaire,6.9
8226,Howling II: Your Sister Is a Werewolf,3.6
8239,Hulchul,6.9
8245,Hum Tum,7.0
8250,Human Resources,7.2
8251,Human Traffic,7.1
8254,Humanité,6.9
8274,Hurlyburly,5.9
8300,I Always Wanted to Be a Gangster,7.1
8309,I Am Guilty,6.3
8344,I Do,6.7
8398,I Sell the Dead,6.1
8401,I Spit on Your Grave,5.7
8417,I Want Someone to Eat Cheese With,6.1
8421,I Was a Communist for the FBI,6.2
8429,I Woke Up Early The Day I Died,6.1
8449,I'm Not Rappaport,6.6
8457,"I'm a Cyborg, But That's OK",7.1
8470,"I, Robot",7.1
8475,I.Q.,6.2
8479,IOWA,5.2
8486,Iceman,6.1
8498,Idiocracy,6.6
8516,If....,7.5
8548,Illegally Yours,4.3
8550,Illuminata,6.2
8560,Imaginary Heroes,7.2
8577,Imperium: Augustus,6.3
8583,In & Out,6.4
8593,In Cold Blood,7.9
8604,In Hell,6.2
8606,In Her Shoes,6.4
8619,In Old Oklahoma,6.6
8633,In Which We Serve,7.2
8657,In the Electric Mist,6.1
8669,In the Line of Fire,7.2
8688,In the Soup,7.1
8701,Incident at Loch Ness,6.5
8706,Indecent Proposal,6.0
8737,Inglourious Basterds,8.3
8738,Inhabited,4.3
8768,Inside I'm Dancing,7.8
8771,Inside Man,7.6
8779,Insignificance,6.6
8790,Interiors,7.4
8793,Intermission,6.8
8813,Into the Blue 2: The Reef,4.7
8852,Iqbal,8.1
8866,Iron Eagle,5.5
8868,Iron Eagle on the Attack,3.3
8876,Iron Monkey,7.5
8882,Ironclads,6.2
8922,It Came from Outer Space II,3.7
8927,It Had To Be You,5.7
8934,It Runs in the Family,5.6
8935,It Should Happen to You,7.2
8941,It's All Gone Pete Tong,7.3
8969,Itinéraire d'un enfant gâté,7.1
8992,Jaani Dushman: Ek Anokhi Kahani,2.8
9002,Jack Brooks: Monster Slayer,5.9
9004,Jack Frost,4.6
9005,Jack Frost 2: Revenge of the Mutant Killer Snowman,3.7
9007,Jack London,5.3
9021,Jackass Number Two,7.0
9027,Jacknife,6.3
9033,Jaded,5.3
9046,Jake Speed,5.4
9049,Jalla! Jalla!,6.7
9059,Jane Eyre,6.8
9062,Janie,6.0
9071,Jar City,6.9
9112,Jefferson in Paris,5.7
9114,Jekyll and Hyde... Together Again,6.3
9115,Jellyfish,7.0
9117,Jennifer 8,6.3
9121,Jeopardy,6.8
9136,Jesus of Montreal,7.5
9159,Jindabyne,6.3
9179,Joe,6.8
9197,Johnny Dangerously,6.5
9208,Johnny Suede,5.8
9233,Joshua,5.9
9241,Journey from the Fall,7.1
9243,Journey of Hope,7.5
9244,Journey to the Center of the Earth,2.5
9260,Joystick Nation – Generation Hip Hop,1.8
9272,Judas Kiss,6.1
9290,Julian Po,6.0
9311,Jungle Fever,6.5
9322,Jurassic Park III,5.9
9331,Just Before Dawn,6.2
9334,Just Cause,6.4
9358,Just like a Woman,5.3
9360,Just the Way You Are,6.0
9382,K-911,5.7
9383,K-9: P.I.,5.7
9384,K-PAX,7.4
9385,K2,6.2
9392,Kaakha Kaakha,8.0
9415,Kadosh,6.8
9422,Kahin Pyaar Na Ho Jaaye,4.4
9432,Kalamazoo?,5.8
9433,Kalifornia,6.7
9458,Kannathil Muthamittal,8.5
9488,Katyń,7.0
9491,Kazaam,3.0
9500,Keep the Aspidistra Flying,6.4
9524,Keys to Tulsa,5.2
9534,Khosla Ka Ghosla,8.3
9572,Kiler,7.6
9581,Kill Kill Faster Faster,4.3
9584,Kill Me Later,6.3
9592,Killer Condom,5.2
9597,Killer Tongue,4.7
9599,Killer: A Journal of Murder,6.3
9600,Killers,2.1
9609,Killing Zoe,6.5
9612,Killjoy 2: Deliverance from Evil,3.1
9616,Killshot,6.0
9633,King Kong Escapes,5.6
9641,King Solomon's Mines,6.0
9648,King of the Ants,6.2
9661,Kings and Queen,7.1
9665,Kinjite: Forbidden Subjects,5.6
9676,Kiss Kiss Bang Bang,7.5
9677,Kiss Me Deadly,7.6
9682,Kiss Them for Me,5.7
9694,Kitchen Stories,7.3
9696,Kite,6.7
9705,Klatretøsen,6.1
9725,Knights,5.2
9746,Kokoda,6.1
9753,Kon-Tiki,8.0
9770,Koyla,6.2
9771,Krabat,6.1
9773,Kramer vs. Kramer,7.8
9799,Kung Fu Dunk,4.9
9820,L'Age d'Or,7.3
9824,L'Auberge espagnole,7.3
9855,LOC Kargil,5.1
9874,La Chèvre,7.4
9878,"La Commune (Paris, 1871)",8.0
9939,La antena,7.5
9955,La notte degli squali,3.7
9961,La residencia,6.9
9969,La vie nouvelle,6.5
9975,Labyrinth of Passion,6.2
9978,Ladder 49,6.5
9987,Lady Death: The Movie,5.3
9988,Lady Frankenstein,5.0
9997,Lady in Cement,5.9
10007,Lage Raho Munna Bhai,8.1
10011,Lajja,6.7
10025,Lammbock,7.3
10032,Land of Plenty,6.4
10045,Larger than Life,5.7
10046,Largo Winch,6.5
10068,Last Embrace,6.1
10069,Last Exit to Brooklyn,6.8
10074,Last Night,7.1
10102,Latter Days,7.0
10109,Lavoura Arcaica,7.7
10111,Law of Desire,7.1
10127,Le Cercle rouge,8.0
10144,Le Grand Voyage,7.2
10150,Le Marginal,6.4
10195,Leatherheads,6.0
10201,Leaving Las Vegas,7.5
10210,Left Behind: The Movie,4.5
10211,Left Behind: World at War,4.6
10248,Leonard Cohen: I'm Your Man,6.8
10259,Les Acteurs,5.8
10285,Les Misérables,7.4
10313,Let It Be Me,5.6
10336,Lethal Weapon 2,7.2
10351,Liam,7.0
10380,Life Hits,6.4
10381,Life Is Hot in Cracktown,6.1
10388,Life Stinks,5.9
10406,Life with Mikey,5.6
10409,Lifeforce,6.1
10411,Light It Up,6.0
10437,Lili Marleen,7.2
10449,Linda Linda Linda,7.5
10464,Lipstick,5.5
10511,Little Man,4.4
10533,Little Vera,7.0
10538,Little Women,7.3
10551,Live for Life,6.6
10552,Live!,5.9
10554,Living & Dying,3.9
10564,Loaded,4.5
10570,Local Color,6.9
10582,Logan's Run,6.8
10583,Loggerheads,7.2
10596,London Dreams,5.4
10605,Loners,7.6
10606,Lonesome Jim,6.6
10620,Look Both Ways,7.0
10629,Looking for Alexander,7.5
10637,Looking for Richard,7.3
10686,Lost and Delirious,6.9
10708,Loulou,6.8
10712,Love & Basketball,7.2
10716,Love & Sex,6.2
10733,Love Is All There Is,5.1
10735,Love Is Forever,5.2
10739,Love Is a Many-Splendored Thing,6.5
10744,Love Jones,7.5
10752,Love Me If You Dare,7.6
10760,Love Sick,6.8
10764,Love Story,6.9
10775,Love and Human Remains,6.7
10796,Love in the Afternoon,7.7
10806,Love's Brother,6.4
10808,Love's Labour's Lost,6.0
10854,Lucky Stiff,4.6
10870,Lunacy,7.3
10911,Macbeth,4.6
10920,Mack the Knife,5.7
10927,Mad Dog Time,5.5
10931,Mad Love,6.6
10933,Mad Max Beyond Thunderdome,6.3
10947,Made Men,6.0
10959,Madea's Family Reunion,5.2
11008,Magnificent Obsession,7.1
11009,Magnolia,8.0
11032,Major League: Back to the Minors,4.6
11033,Major Payne,6.3
11053,Malice,6.4
11061,Mama Flora's Family,7.6
11063,Mama's Boy,5.2
11070,Mamma Mia!,6.4
11093,Man of the Year,6.2
11094,Man on Fire,7.7
11114,Mango Kiss,4.7
11127,Maniac Cop III: Badge of Silence,5.0
11139,Manna from Heaven,5.7
11141,Mannequin,5.9
11149,Mansfield Park,6.3
11155,Manufactured Landscapes,7.3
11205,Marigold,5.0
11208,Marilyn Hotchkiss' Ballroom Dancing and Charm School,6.6
11215,Marked for Death,6.0
11218,Marley & Me,7.1
11230,Married to the Mob,6.2
11246,Martin Lawrence Live: Runteldat,5.4
11324,Maximum Risk,5.5
11331,Maya Memsaab,5.3
11337,McBain,4.7
11338,McCabe & Mrs. Miller,7.7
11347,Me Myself I,6.5
11351,Me You Them,6.9
11374,Meatball Machine,5.7
11375,Meatballs,6.2
11427,Melinda and Melinda,6.4
11437,Memoirs of a Geisha,7.4
11442,Memories of Me,5.7
11451,Men,5.1
11456,Men at Work,6.0
11465,Men of Honor,7.2
11467,Men of War,5.8
11479,Merci Docteur Rey,6.6
11482,Merci pour le chocolat,6.6
11486,Mercy Streets,5.5
11525,Michael,5.7
11540,Mickybo and Me,7.3
11552,Midnight Cowboy,7.8
11614,Mind Ripper,4.0
11638,Miracle in Milan,7.7
11650,MirrorMask,6.8
11653,Misbegotten,4.2
11657,Mishima: A Life in Four Chapters,8.0
11660,Miss Cast Away and the Island Girls,2.4
11687,Mission of Justice,5.7
11701,Mississippi Mermaid,7.1
11704,Mister Lonely,6.5
11712,Mo' Better Blues,6.6
11717,Moby Dick,7.3
11720,Modern Romance,7.0
11746,Momentum,4.7
11752,Mon oncle Antoine,7.6
11760,Mondays in the Sun,7.6
11771,Mongol,7.2
11776,Monkey Warfare,6.4
11784,Monsieur N.,6.7
11796,Monster Man,5.8
11798,Monster in the Closet,4.9
11807,Monte Carlo or Bust,6.2
11824,Moon Child,6.4
11826,Moon over Parador,6.0
11837,Moonstruck,7.1
11838,Moonwalker,6.1
11843,More,6.5
11844,More American Graffiti,5.3
11867,Morvern Callar,6.8
11869,Moscow Heat,2.4
11871,Moscow Zero,3.2
11872,Moscow on the Hudson,6.5
11888,Mother Night,7.1
11902,Motorama,6.5
11922,Moving McAllister,5.3
11927,Mr. & Mrs. Smith,6.4
11931,Mr. Baseball,6.0
11933,Mr. Blandings Builds His Dream House,7.3
11937,"Mr. Death: The Rise and Fall of Fred A. Leuchter, Jr.",7.5
11940,Mr. Destiny,6.4
11941,Mr. Fix It,5.5
11979,Mrs Dalloway,6.6
11991,Ms. 45,6.8
12008,Mulholland Drive,8.0
12009,Mulholland Falls,6.3
12015,Munchie Strikes Back,2.7
12016,Munchies,4.0
12021,Murder,5.4
12026,Murder by Numbers,6.2
12028,Murder in the First,7.3
12030,Murder on a Sunday Morning,7.9
12038,Murderous Maids,6.8
12050,Music Within,7.3
12065,Mute Witness,6.7
12072,My 5 Wives,4.6
12079,My Best Enemy,6.0
12081,My Best Friend,6.7
12082,My Best Friend Is a Vampire,6.1
12095,My Bollywood Bride,4.7
12096,My Boss's Daughter,4.7
12097,My Boyfriend's Back,5.4
12105,My Darling Clementine,7.8
12122,My Father the Hero,5.5
12127,My Favorite Season,7.1
12140,My Giant,5.0
12142,My Girl 2,5.2
12153,My Left Foot,7.9
12186,My Name Is Modesty,4.6
12220,My Super Ex-Girlfriend,5.1
12224,My Teacher's Wife,5.5
12226,My Tutor Friend,6.7
12232,My Wild Irish Rose,6.5
12241,Mystery Men,6.1
12262,NVA,5.6
12264,Naach,4.2
12268,Naboer,6.5
12274,Naked,7.8
12292,Nancy Drew,5.9
12300,Napoleon and Me,6.3
12303,Naqoyqatsi,6.6
12316,National Lampoon Presents Dorm Daze,4.6
12320,National Lampoon's Class Reunion,4.8
12322,National Lampoon's European Vacation,6.2
12329,National Velvet,7.3
12330,Native Son,5.8
12333,Natural Born Killers,7.3
12338,Navy SEALs,5.6
12345,Neal 'n' Nikki,3.2
12350,Necessary Roughness,6.2
12352,Ned Kelly,6.5
12356,Needful Things,6.3
12372,Nemesis 2: Nebula,3.9
12373,Nemesis 3: Prey Harder,3.1
12375,Nemesis Game,5.5
12391,Never Been Kissed,6.1
12395,Never Forever,6.5
12398,Never Say Never Again,6.2
12401,Never Talk to Strangers,5.2
12411,New Jersey Drive,6.7
12415,New Port South,4.9
12437,"Niagara, Niagara",7.1
12459,Night Hunter,4.3
12476,Night of the Comet,6.4
12478,Night of the Demons,6.2
12486,Nightbreed,6.6
12498,Nights in Rodanthe,6.0
12503,Nihon Chinbotsu,5.6
12504,Niki and Flo,7.4
12507,Nil by Mouth,7.3
12515,Nine Dead,5.5
12516,Nine Lives,6.7
12520,Nineteen Eighty-Four,7.1
12538,No End in Sight,8.2
12544,No Holds Barred,4.4
12559,No One Writes to the Colonel,6.6
12565,No Reservations,6.3
12593,Nobody Knows Anybody,6.0
12608,Noise,6.2
12612,Nomad,5.9
12619,None Shall Escape,7.1
12640,North Shore,6.5
12662,Not Another Teen Movie,5.7
12679,Not on the Lips,6.2
12684,Nothing,6.2
12687,Nothing But the Night,5.3
12700,Notorious,6.7
12713,Novo,5.7
12731,Nuns on the Run,6.0
12732,Nuovomondo,6.9
12734,Nurse Betty,6.1
12750,O Crime do Padre Amaro,5.3
12763,"OSS 117: Cairo, Nest of Spies",7.1
12767,Oblivion,5.1
12778,Ocean's Twelve,6.5
12786,October Sky,7.8
12787,Octopussy,6.6
12799,Of Freaks and Men,7.1
12803,Of Human Bondage,7.2
12832,Offside,7.3
12855,Oldboy,8.4
12860,Oliver!,7.4
12863,Olympic Garage,7.5
12865,Om Jai Jagadish,5.5
12872,Omen IV: The Awakening,3.9
12882,On Her Majesty's Secret Service,6.7
12885,On Probation,7.6
12890,On a Clear Day You Can See Forever,6.4
12919,Once Upon a Crime,5.9
12922,Once Upon a Time in America,8.4
12944,Once in the Life,5.3
12949,One Crazy Summer,6.5
12962,One Hour Photo,6.8
12976,One Missed Call,6.2
12984,One Night at McCool's,6.1
12993,One Touch of Venus,6.8
12995,One True Thing,7.0
13019,Only God Knows,6.4
13024,Only the Brave,5.3
13027,Only the Valiant,6.5
13036,Open Graves,4.2
13038,Open Range,7.4
13045,Opening Night,8.0
13046,Opera,7.0
13072,Ordinary Decent Criminal,6.4
13099,Ossessione,7.7
13105,Othello,6.9
13132,Our Song,7.1
13135,Our Town,6.8
13150,Out of Sight,6.9
13157,Out on a Limb,5.4
13158,Out to Sea,6.1
13170,Outrage,6.7
13177,Over Her Dead Body,5.2
13192,Oxford Blues,5.3
13206,PTU,6.9
13224,Page 3,7.3
13262,Pandemonium,5.4
13268,Panic,6.6
13271,Panic in the Streets,7.3
13286,Paperhouse,6.7
13313,Paranoid Park,6.7
13324,Parasomnia,5.2
13333,Parents,6.2
13335,Parinda,7.9
13336,Parineeta,7.2
13346,Paris Is Burning,8.2
13348,Paris Trout,6.4
13363,Partition,6.9
13364,Partner,5.7
13365,Party Girl,6.6
13381,Passion in the Desert,6.6
13382,Passion of Mind,5.5
13386,Passport to Paris,5.3
13387,Passport to Pimlico,7.1
13420,Paulie,6.5
13421,Pauline at the Beach,7.4
13439,Peaches,6.4
13442,Peas at 5:30,7.0
13444,Pecker,6.3
13453,Peggy Sue Got Married,6.3
13466,People I Know,5.5
13492,Perhaps Love,6.8
13497,Permanent Record,6.4
13509,Personal Best,6.3
13516,Pet Sematary,6.6
13523,Peter Pan,7.3
13533,Peut-être,5.9
13538,Phantasm III: Lord of the Dead,6.1
13543,Phantom Lady,7.2
13552,Phat Beach,4.0
13569,Physical Evidence,5.2
13575,Pickup on South Street,7.7
13578,Picture Bride,6.6
13597,Ping Pong,7.2
13609,Pinocchio's Revenge,4.0
13612,Pipe Dream,6.1
13614,Piranha,3.8
13626,Pit Fighter,4.5
13636,Pixote,7.9
13645,Plan B,4.4
13657,Platform,7.4
13659,Platoon,8.1
13670,Playing God,5.6
13686,Plots with a View,6.6
13687,Plump Fiction,2.7
13688,Plunkett & Macleane,6.4
13721,Pola X,5.8
13725,Police Story,7.6
13738,Polyester,7.0
13752,Popcorn,5.8
13760,Porgy and Bess,7.1
13777,Posse,5.5
13785,Postal,4.5
13796,Powaqqatsi,7.3
13800,Power,5.7
13825,Presenting Lily Mars,6.8
13828,Presque rien,6.7
13838,Pretty Woman,7.0
13846,Pride,6.1
13847,Pride & Prejudice,7.8
13852,Pride of the Marines,7.3
13871,Princess Caraboo,6.0
13882,Private Lessons,5.2
13891,Prizzi's Honor,6.7
13892,Problem Child,5.5
13893,Problem Child 2,4.9
13898,Progeny,4.9
13900,Project A Part II,7.1
13906,Project Shadowchaser III,3.0
13908,Prom Night,3.9
13912,Promise Me This,7.0
13921,Prospero's Books,6.9
13924,Protocol,5.5
13926,Protégé,7.2
13930,Prozac Nation,6.3
13936,Psycho,4.6
13939,Psycho II,6.5
13947,Public Enemy No. 1 – Todestrieb,7.5
13953,Puerto Vallarta Squeeze,5.6
13965,Pumping Iron,7.4
13981,Puppet Master 4,5.3
13987,Puppet Master: The Legacy,3.1
13994,Purely Belter,6.7
13996,Purple Butterfly,6.2
13999,Purple Rain,6.6
14001,Purple Storm,6.1
14011,Puss in Boots,6.4
14020,Pyare Mohan,3.3
14051,Queen of the Damned,5.3
14057,Queens,6.5
14075,Quintet,5.1
14079,"Quo Vadis, Baby?",6.3
14130,Radio,6.9
14132,Radio Flyer,7.0
14168,Raising Victor Vargas,7.2
14183,Rambo,7.0
14185,Rambo: First Blood Part II,6.5
14199,Rancid Aluminium,3.6
14201,Random Hearts,5.3
14224,Rat Race,6.4
14241,Ray,7.7
14245,Razor Blade Smile,4.7
14255,Read My Lips,7.3
14258,"Ready, Steady, Charlie!",5.1
14273,Rebel Without a Cause,7.7
14293,Reckless,5.3
14312,Red Dust,6.8
14313,Red Eye,6.4
14314,Red Garters,6.2
14322,Red Riding Hood,3.4
14328,Red Rock West,7.0
14330,Red Satin,6.7
14332,Red Shadow,5.9
14335,Red Sonja,5.1
14348,Redline,4.0
14364,Regular Lovers,7.1
14365,Reign Over Me,7.4
14378,Religulous,7.6
14387,"Remember Me, My Love",6.4
14397,Rendition,6.8
14403,Rent-a-Cop,4.5
14433,Respiro,7.0
14439,Restoration,6.6
14445,Resurrection,6.1
14449,Retour à Gorée,7.0
14451,Retribution,6.4
14453,Retro Puppet Master,4.0
14469,Return to Me,6.9
14474,Return to Sender,6.4
14483,Revenge,6.3
14497,Revolution,5.3
14500,Revolver,6.4
14514,Rich in Love,6.2
14533,Ride with the Devil,6.7
14537,Riding Giants,7.9
14556,Ringmaster,3.1
14567,Rise of the Footsoldier,6.8
14575,Ritual,4.8
14578,River Queen,6.0
14580,River's Edge,7.0
14583,Rivers and Tides,7.9
14587,Road House 2,4.4
14594,Road to Morocco,7.1
14597,Road to Perdition,7.7
14602,Roadie,5.2
14605,Rob Roy,6.9
14611,Roberto Succo,6.6
14613,Robin Hood: Men in Tights,6.7
14618,RoboCop 2,5.8
14624,Robot Jox,5.4
14631,Rock 'n' Roll High School,6.7
14637,Rock Star,6.3
14646,Rocketship X-M,4.9
14658,Roger & Me,7.4
14670,Role Models,6.8
14686,Romance of Astree and Celadon,6.3
14701,"Romulus, My Father",6.6
14707,Rooftops,4.8
14724,Rosalie Goes Shopping,6.0
14727,Rose,7.5
14731,Rosemary's Baby,8.0
14733,Rosenstraße,6.7
14734,Rosetta,7.5
14756,Royal Flash,6.5
14765,Ruby in Paradise,7.0
14796,Running Out of Time,7.4
14797,Running Out of Time 2,5.8
14798,Running Scared,6.6
14799,Running Time,7.1
14804,Running with Scissors,6.2
14809,Rush,6.8
14810,Rush Hour,7.0
14811,Rush Hour 2,6.6
14846,Saboteur,7.2
14853,Sade,6.1
14874,Saint Joan,6.4
14887,Salaam-e-Ishq,5.1
14894,Salome Where She Danced,5.5
14904,Salvador Allende,7.7
14905,Salvage,5.4
14929,San Francisco,7.2
14950,Santa Sangre,7.6
14957,Sarafina!,6.4
14961,Saratoga Trunk,6.5
14963,Sarkar,7.6
14969,Satan's Little Helper,5.3
14999,Saving Grace,6.9
15007,Saw,7.6
15017,Sayonara,7.1
15020,Scanners II: The New Order,5.3
15025,Scarecrows,5.4
15026,Scarface,8.3
15031,Scary Movie 2,5.3
15032,Scary Movie 3,5.5
15039,Scenes from the Class Struggle in Beverly Hills,6.1
15040,Scenes of a Sexual Nature,6.0
15070,Scooby-Doo! and the Loch Ness Monster,6.7
15077,Scotland,6.7
15088,Scrooge,7.5
15098,Search and Destroy,5.5
15114,Second Name,5.6
15126,Secret Sunshine,7.5
15132,Secrets & Lies,8.0
15143,See No Evil,5.1
15149,Seed,3.0
15151,Seeing Double,4.0
15152,Seeing Other People,5.8
15153,Seeking Asylum,6.2
15158,Seize the Day,6.0
15171,Sense and Sensibility,7.6
15175,Separate Lies,6.4
15182,September Tapes,5.9
15186,Serendipity,6.9
15196,Series 7: The Contenders,6.6
15204,Set It Off,6.9
15221,Seven Pounds,7.6
15227,Seven Years in Tibet,7.1
15237,Sex Is Comedy,5.6
15245,Sex and the City,7.1
15251,Sexmission,7.7
15252,"Sexo, pudor y lágrimas",6.8
15257,Sgt. Bilko,5.9
15262,Shade,6.3
15264,Shadow Conspiracy,4.9
15280,Shadows,7.3
15281,Shadows and Fog,6.7
15286,Shadrach,6.4
15289,Shaft's Big Score,6.0
15302,Shakti: The Power,6.0
15333,Shark Skin Man and Peach Hip Girl,6.8
15337,Sharky's Machine,6.4
15353,She's Having a Baby,5.9
15355,She's Out of My League,6.4
15357,She's the Man,6.3
15376,Sherrybaby,6.6
15380,Shiloh 2: Shiloh Season,6.2
15407,Shogun Mayeda,5.6
15412,Shoot to Kill,6.8
15414,Shooting Dogs,7.7
15423,Short Circuit,6.7
15429,Shortcut to Happiness,5.5
15437,Showdown in Little Tokyo,6.1
15439,Shower,7.5
15442,Showtime,5.5
15452,Shutter,7.1
15455,Shuttle,5.7
15456,Shwaas,8.3
15471,Side Sho,3.6
15501,"Silent Night, Deadly Night 5: The Toy Maker",4.3
15517,Silmido,7.1
15520,Silver City,6.0
15548,Since Otar Left,7.5
15584,Sister My Sister,6.6
15594,Six Ways to Sunday,6.4
15621,Sky Captain and the World of Tomorrow,6.0
15633,Slackers,5.4
15640,Slashers,5.5
15648,Sleepaway Camp II: Unhappy Campers,5.7
15652,Sleepers,7.6
15654,Sleeping Dogs Lie,5.8
15658,Sleeping with the Enemy,6.3
15664,Sleepwalkers,5.3
15666,Sleepy Hollow,7.3
15669,Sleuth,6.5
15674,Slipstream,4.9
15675,Slither,6.4
15685,Slums of Beverly Hills,6.6
15690,Small Cuts,5.8
15717,Smother,4.7
15722,Snakes on a Plane,5.4
15723,Snakes on a Train,2.2
15728,Sniper,6.1
15740,Snow White,5.8
15762,Soapdish,6.6
15772,Solar Crisis,4.0
15777,Soldier,6.0
15787,Solino,7.4
15791,Solo,4.0
15794,Solomon Kane,6.1
15795,Solomon and Sheba,6.2
15798,Some Came Running,7.4
15826,Something Wild,6.9
15829,Something like Happiness,7.2
15851,Son of the Mask,2.2
15860,Songcatcher,7.2
15898,Soul Plane,4.5
15901,Soul Survivors,3.9
15904,Sound and Fury,8.0
15907,Sound of the Sea,6.0
15918,South of Pico,5.7
15926,Soylent Green,7.1
15940,Space Truckers,5.3
15941,SpaceCamp,5.7
15943,Spaced Invaders,5.3
15951,Sparkle,7.0
15976,Sphinx,5.2
15980,Spider Lilies,6.2
15982,Spider-Man,7.3
15995,Spiral,6.4
15999,Spirits of the Dead,6.6
16008,Spontaneous Combustion,4.7
16021,Spring Breakdown,4.8
16035,Spy Kids,5.5
16050,St. Elmo's Fire,6.4
16066,Stalingrad,7.5
16082,Stanley & Iris,6.4
16093,Star Trek V: The Final Frontier,5.5
16102,Star Wars: Episode III – Revenge of the Sith,7.5
16105,Star Wars: Episode VI – Return of the Jedi,8.3
16113,Stardust,7.6
16119,Starlift,6.0
16131,Starstruck,4.4
16136,Startup.com,7.0
16143,State of Siege,7.8
16148,Stay Alive,5.1
16152,Staying Together,6.3
16158,Steal This Movie!,6.4
16171,Steel Frontier,4.9
16176,Stella,6.2
16177,Stella Dallas,7.4
16180,Step Up,6.5
16192,Stepping Out,6.4
16198,Stigmata,6.2
16203,Still Crazy,7.1
16227,Stones,7.0
16232,Stop-Loss,6.4
16239,Storm,5.7
16263,Straightheads,5.6
16271,Strange Invaders,5.5
16273,Strangeland,5.2
16276,Stranger than Fiction,7.5
16278,Strangers on a Train,8.0
16279,Strangers with Candy,8.0
16281,Strategic Air Command,6.4
16285,Straw Dogs,7.5
16314,Stripes,6.9
16317,Stroker Ace,4.9
16321,Stroszek,7.9
16323,Stuart Little,5.9
16345,Subspecies,5.7
16354,Sudden Death,5.8
16356,Sudden Impact,6.7
16364,Sugar & Spice,5.7
16395,Summer Things,6.5
16405,Summer of Sam,6.7
16410,Sumuru,3.9
16420,Sundown,5.8
16421,Sundown: The Vampire in Retreat,6.1
16433,Sunshine,7.5
16435,Sunshine State,6.7
16466,Superhero Movie,4.5
16469,Superman II: The Richard Donner Cut,7.7
16473,Superman Returns,6.0
16474,Superman and the Mole Men,5.7
16493,Surveillance,6.3
16494,Survival Island,4.9
16497,Surviving Christmas,5.4
16507,Suspicion,7.4
16527,Sweet Dreams,7.1
16532,Sweet Mud,7.2
16538,Sweet and Lowdown,7.2
16542,Swept Away,3.6
16551,Swimming with Sharks,7.1
16553,Swindled,6.9
16560,Swingers,5.6
16566,Switchback,6.4
16573,Swordsman II,7.2
16575,Sydney White,6.2
16610,Taboo,3.5
16611,Tabu,7.5
16622,Tais-toi !,7.1
16641,Take the High Ground!,6.1
16671,Talk Radio,7.3
16678,Tamara,5.1
16694,Tank,5.8
16695,Tank Girl,5.4
16705,Tapeheads,5.7
16714,Tart,4.7
16715,Tarzan and His Mate,7.3
16718,Tarzan and the Mermaids,5.9
16719,Tarzan the Ape Man,7.0
16720,"Tarzan, the Ape Man",3.4
16721,Tashan,3.9
16748,Teachers,6.1
16749,Teaching Mrs. Tingle,5.3
16751,Team Spirit,6.0
16752,Team Spirit 2,5.6
16755,Tears of Kali,5.3
16757,Tears of the Sun,6.6
16786,Tell No One,7.5
16794,Tempest,6.5
16805,Tenacious D in The Pick of Destiny,6.8
16844,Terror in the Aisles,6.4
16847,Tesis,7.4
16916,The 24th Day,6.5
16923,The 40-Year-Old Virgin,7.1
16924,The 400 Blows,8.1
16936,The 9/11 Commission Report,3.0
16938,The 9th Company,7.1
16940,The Abandoned,5.6
16951,The Acid House,6.4
16954,The Actors,6.0
16969,The Adventures of Hercules,4.0
16974,"The Adventures of Priscilla, Queen of the Desert",7.4
16977,The Adventures of Sebastian Cole,6.7
16995,The Air Up There,5.5
16996,The Alamo,6.0
16997,The Alarmist,5.2
17000,The All Together,4.9
17015,The American President,6.8
17030,The Animal,4.8
17036,The Apartment,7.4
17067,The Ascent,8.3
17075,The Assignment,6.9
17122,The Ballad of the Sad Café,6.3
17130,The Bank Job,7.2
17134,The Barbarians,5.0
17136,The Barber of Siberia,7.8
17165,The Beat,5.3
17171,The Beautiful Country,7.4
17174,The Bedroom Window,6.4
17176,The Beguiled,7.2
17181,The Belles of St Trinian's,6.8
17188,The Best Day of My Life,6.9
17199,The Best Thief in the World,4.9
17202,The Best of Times,6.0
17210,The Big Bad Swim,6.3
17222,The Big Easy,6.5
17232,The Big Parade,7.9
17238,The Big Sky,7.0
17243,The Big Town,5.9
17244,The Big Trail,7.2
17248,The Biggest Heroes,7.0
17273,The Black Swan,6.8
17279,The Blade,7.1
17286,The Blob,6.4
17304,The Bodyguard from Beijing,6.4
17307,The Bone Collector,6.7
17309,The Bone Snatcher,4.4
17310,The Bonfire of the Vanities,5.6
17321,The Boost,6.1
17322,The Booth,6.6
17323,The Border,6.4
17333,The Bothersome Man,7.3
17341,The Bourne Ultimatum,8.0
17343,The Box,5.6
17367,The Brave One,6.7
17378,The Bride with White Hair 2,6.0
17383,The Bridge on the River Kwai,8.1
17386,The Brink's Job,6.5
17388,The Broken,5.4
17399,The Brothers Karamazov,6.7
17404,The Bubble,7.3
17405,The Buccaneer,6.5
17407,The Buddy Holly Story,7.2
17410,The Bumblebee Flies Anyway,6.3
17422,The Butcher Boy,6.2
17453,The Canterville Ghost,6.2
17467,The Carriers Are Waiting,6.8
17472,The Case of the Scorpion's Tail,6.7
17474,The Cat in the Hat,3.9
17475,The Cat's Meow,6.3
17481,The Celestine Prophecy,4.9
17482,The Cell,6.3
17517,The China Syndrome,7.4
17519,The Chinese Feast,6.9
17529,The Chronicle of Anna Magdalena Bach,7.0
17533,The Church,6.2
17574,The Color Purple,7.8
17580,The Comebacks,4.3
17602,The Concorde ... Airport '79,4.5
17618,The Consequences of Love,7.5
17622,The Contaminated Man,4.9
17626,The Contractor,5.5
17627,The Convent,5.0
17633,The Cooler,6.9
17637,The Corpse Vanishes,4.5
17645,The Couch Trip,5.8
17656,The Covenant,5.3
17659,The Cowboy and the Lady,6.6
17663,The Cranes Are Flying,8.3
17670,The Crimson Rivers,6.9
17671,The Crocodile Hunter: Collision Course,5.3
17693,The Cure,7.7
17698,The Curse,7.0
17700,The Curse of Frankenstein,7.1
17707,The Cutting Edge,6.9
17708,The Cyclone,6.8
17755,The Day of the Locust,7.1
17760,The Dead,7.4
17767,The Deadly Mantis,5.1
17777,The Decameron,7.1
17779,The Decline of Western Civilization,7.6
17781,The Decline of the American Empire,7.2
17804,The Desert of the Tartars,7.6
17808,The Detonator,4.8
17831,The Diary of Anne Frank,6.7
17867,The Dog Problem,6.3
17873,The Domino Principle,5.7
17888,The Dresser,7.7
17901,The Dukes of Hazzard,5.1
17905,The Dust of Time,6.6
17921,The Edge of Love,6.3
17924,The Education of Little Tree,7.2
17929,The Egyptian,6.6
17931,The Eighth Day,7.6
17940,The Emperor Waltz,6.1
17941,The Emperor and the Assassin,7.2
17955,The Enemy,3.8
17958,The English Patient,7.4
17997,The Experts,4.8
18003,The Eye,6.7
18017,The Falcon and the Snowman,6.8
18032,The Fan,5.9
18036,The Far Country,7.2
18061,The Fiendish Plot of Dr. Fu Manchu,5.1
18086,The Firm,7.3
18097,The First Power,5.7
18115,The Flock,5.7
18124,The Fluffer,5.6
18128,The Flying Dutchman,7.2
18141,The Foreigner,3.4
18165,The Fourth Angel,5.3
18167,The Fourth Man,7.2
18173,The Fox and the Child,6.9
18205,The Gamers: Dorkness Rising,7.4
18220,The Gay Sisters,6.7
18226,The General,7.3
18234,The Getaway,5.8
18247,The Gingerbread Man,5.7
18283,The Glimmer Man,5.4
18294,The Godfather Part III,7.6
18302,The Golden Child,6.0
18311,The Good Earth,7.5
18337,The Governess,6.3
18352,The Great Caruso,6.6
18354,The Great Dictator,8.4
18355,The Great Ecstasy of Robert Carmichael,5.0
18371,The Great Rock 'n' Roll Swindle,6.4
18373,The Great St. Louis Bank Robbery,5.9
18379,The Great Yokai War,6.5
18383,The Greatest Show on Earth,6.6
18386,The Green Butchers,7.3
18403,The Grudge,5.9
18404,The Grudge 2,5.1
18409,The Guardian,6.9
18430,The Hamiltons,5.1
18433,The Hand That Rocks the Cradle,6.6
18461,The Haunting,5.0
18469,The Headsman,6.1
18481,The Hebrew Hammer,6.1
18493,The Hexer,3.6
18506,The Hills Have Eyes,6.3
18507,The Hills Have Eyes 2,5.1
18513,The Hireling,6.7
18516,The Hit,7.1
18521,The Hitchhiker,3.6
18530,The Hole,7.5
18549,The Horse Soldiers,7.2
18553,The Hospital,7.2
18554,The Host,7.1
18569,The House That Dripped Blood,6.6
18579,The House of the Spirits,6.9
18581,The House on Carroll Street,6.1
18583,The House on Telegraph Hill,7.0
18627,The Hurt Locker,7.6
18634,The Ice Pirates,5.7
18665,The Incredible Hulk,6.7
18672,The Incubus,5.4
18674,The Indian Runner,7.0
18681,The Informer,7.4
18690,The Inner Circle,7.1
18708,The Intruder,6.9
18714,The Invisible Circus,5.6
18732,The Island,7.9
18736,The Isle,7.0
18737,The Italian Job,7.0
18738,The Jackal,6.4
18740,The Jackie Robinson Story,6.4
18743,The Jazz Singer,5.7
18794,The King,6.7
18820,The Kite Runner,7.6
18828,The Ladies Man,5.2
18831,The Lady and the Duke,6.9
18832,The Lady from Shanghai,7.6
18840,The Land Has Eyes,6.7
18849,The Last American Virgin,6.3
18865,The Last Dragon,6.7
18883,The Last King of Scotland,7.7
18894,The Last Picture Show,8.0
18909,The Last Station,7.0
18932,The Last of the Finest,5.8
18934,The Last of the Mohicans,7.7
18938,The Lavender Hill Mob,7.6
18947,The League of Extraordinary Gentlemen,5.8
18948,The League of Gentlemen's Apocalypse,6.2
18956,The Legend of 1900,8.1
18963,The Legend of Gingko,5.5
18974,The Legend of Zu,5.2
18978,The Legend of the Lone Ranger,5.1
18998,The Life of Emile Zola,7.2
19010,The Limey,7.0
19019,The List,3.9
19057,The Lonely Lady,2.6
19061,The Long Kiss Goodnight,6.8
19080,The Lord of the Rings: The Fellowship of the Ring,8.8
19088,The Lost Battalion,7.0
19099,The Lost Son,6.4
19107,The Love Letter,5.5
19118,The Low Life,6.0
19125,The Luzhin Defence,6.9
19136,The Magic Flute,7.7
19143,The Magnificent Seven,7.6
19144,The Magnificent Seven Ride,5.7
19165,The Man Who Knew Too Much,7.5
19175,The Man Who Wasn't There,3.8
19181,The Man from Earth,7.9
19187,The Man from Snowy River,7.3
19193,The Man in the Moon,7.4
19195,The Man in the White Suit,7.3
19199,The Man with Bogart's Face,6.4
19203,The Man with the Golden Arm,7.4
19223,The Marriage of Maria Braun,7.8
19236,The Matador,6.7
19245,The Matrix Reloaded,7.2
19261,The Merchant of Venice,7.0
19269,The Messengers,5.4
19270,The Meteor Man,5.2
19278,The Midnight Meat Train,6.1
19290,The Minion,4.0
19298,The Miracle of Morgan's Creek,7.6
19317,The Mod Squad,4.3
19352,The Mother,6.7
19353,The Mother and the Whore,8.0
19364,The Moving True Story of a Woman Ahead of Her Time,7.1
19366,The Mummy,7.0
19368,The Mummy's Curse,5.6
19369,The Mummy's Ghost,5.8
19371,The Mummy's Tomb,5.8
19373,The Muppet Movie,7.6
19385,The Mysteries of Pittsburgh,5.4
19390,The Mystery of the Yellow Room,6.3
19394,The Naked Brothers Band: The Movie,3.8
19403,The Nameless,5.9
19417,The Nazis Strike,7.1
19425,The Net,5.9
19448,The Next Karate Kid,4.4
19452,The Night Flier,6.0
19454,The Night Listener,5.9
19470,The Nines,6.3
19479,The Notorious Bettie Page,6.5
19482,The Number 23,6.4
19484,The Nun,4.0
19486,The Nutcracker,5.8
19496,The Odd Couple,7.7
19510,The Omega Code,3.6
19512,The One,5.9
19531,The Order,5.2
19539,The Other Boleyn Girl,6.1
19550,The Other Side of Sunday,6.8
19579,The Pallbearer,4.9
19600,The Past,6.1
19606,The Patriot,4.2
19634,The Perfect Sleep,4.6
19635,The Perfect Son,6.4
19637,The Perfect Weapon,6.0
19642,The Pervert's Guide to Cinema,7.8
19644,The Pest,5.0
19658,The Piano Teacher,7.5
19659,The Piano Tuner of Earthquakes,6.3
19661,The Pickle,4.3
19664,The Pillow Book,6.7
19669,The Pirate,7.0
19670,The Pirate Movie,5.3
19688,The Poet,4.4
19691,The Polar Express,6.6
19709,The Postman,6.1
19716,The Preacher,6.7
19728,The Price of Milk,6.8
19740,The Princess Blade,5.8
19749,The Private Lives of Elizabeth and Essex,7.1
19766,The Prophecy,6.5
19768,The Prophecy II,5.8
19772,The Protector,5.8
19773,The Proud and the Beautiful,7.4
19779,The Puffy Chair,6.5
19788,The Pursuit of D. B. Cooper,5.7
19810,The Rage: Carrie 2,4.7
19816,The Rainmaker,7.0
19823,The Razor's Edge,7.4
19850,The Reef,5.9
19870,The Return,4.7
19894,The Rift,4.7
19900,The Ring Thing,3.5
19926,The Rookie,6.9
19942,The Ruins,5.8
19949,The Running Man,6.7
19962,The Saltmen of Tibet,7.4
19983,The Scent of Green Papaya,7.3
19996,The Sea,6.8
19998,The Sea Inside,8.0
19999,The Sea That Thinks,7.1
20026,The Secret Lives of Dentists,6.3
20047,The Sentinel,6.1
20057,The Seven-Ups,6.9
20061,The Seventh Sign,5.9
20077,The Shepherd: Border Patrol,5.5
20079,The Shining,8.4
20083,The Shoes of the Fisherman,7.1
20087,The Shop Around the Corner,8.1
20111,The Singles Ward,6.3
20130,The Slaughter Rule,6.0
20131,The Sleeping Dictionary,6.6
20154,The Soloist,6.7
20192,The Spirit of St. Louis,7.2
20208,The Star,7.1
20215,The State of Things,7.1
20226,The Stone Angel,6.1
20239,The Story of G.I. Joe,7.4
20240,The Story of Louis Pasteur,7.4
20255,The Stranger,7.4
20268,The Stupids,4.2
20283,The Sunshine Boys,7.1
20284,The Super,5.7
20291,The Suspended Step of the Stork,7.6
20312,The Talented Mr. Ripley,7.4
20320,The Tango Lesson,6.8
20334,The Tenant,7.7
20335,The Tender Hook,5.4
20351,The Theory of Flight,6.7
20354,The Thief of Bagdad,7.5
20360,The Thing,8.1
20361,The Thing About My Folks,6.6
20372,The Thomas Crown Affair,6.8
20390,The Time Machine,6.0
20398,The Tit and the Moon,6.4
20412,The Toxic Avenger Part II,5.1
20414,The Toy,5.9
20440,The Triumph of Love,5.9
20451,The Truth About Cats & Dogs,6.2
20456,The Truth About Love,5.4
20471,The Twins Effect,5.5
20483,The Unbearable Lightness of Being,7.3
20486,The Unborn,4.4
20491,The Underneath,6.1
20500,The United States of Leland,7.1
20525,The Vanishing,6.3
20557,The Visitors II: The Corridors of Time,6.2
20569,The Walker,5.8
20581,The War at Home,7.0
20600,The Waterdance,6.7
20617,The Wayward Cloud,6.5
20624,The Wedding Date,6.2
20625,The Wedding Director,6.3
20671,The Wicker Man,3.7
20693,The Wind and the Lion,6.9
20705,The Winter War,7.7
20706,The Wisdom of Crocodiles,6.2
20713,The Wizard,6.1
20727,The Woman in Black,7.2
20736,The Women,5.0
20752,The World According to Garp,7.2
20755,The World Is Not Enough,6.9
20781,The Yakuza,7.2
20789,The Yearling,7.2
20796,The Young Girls of Rochefort,7.7
20798,The Young Lieutenant,7.0
20799,The Young Lions,7.2
20806,The Young Victoria,7.3
20833,Theodore Rex,2.4
20837,There Goes My Baby,6.4
20856,They Call Me Trinity,7.5
20874,Thieves and Liars,6.5
20891,Thinner,5.8
20895,Thirst,7.1
20914,This Is England,7.7
20934,This Revolution,5.7
20958,Thousands Cheer,6.2
20968,Three Colours: Red,8.1
20971,Three Daring Daughters,6.3
20973,Three Days of the Condor,7.4
20985,Three Men and a Leg,7.6
20992,Three Seasons,7.2
21010,Throw Momma from the Train,6.3
21015,Thunderbirds,4.2
21016,Thunderbolt,6.4
21022,Thursday,7.2
21028,Tickets,7.0
21041,Tigerland,7.0
21052,Time Changer,5.2
21070,Timecop 2: The Berlin Decision,4.7
21093,Titanic,7.8
21112,To Have and Have Not,7.8
21140,Tobe Hooper's Night Terrors,3.4
21147,Today You Die,4.3
21182,Tombstone,7.8
21183,Tomcats,5.4
21187,Tommy Boy,7.1
21204,Too Much Flesh,5.3
21220,Top Hat,7.8
21242,Torrente 2: Misión en Marbella,6.4
21282,Towelhead,6.9
21288,Toy Soldiers,6.6
21290,Toys,5.1
21292,Traces of Red,5.2
21302,Traffik,8.4
21303,Tragic Hero,6.5
21323,Trancers II,5.5
21342,Transylvania 6-5000,5.0
21347,Trasgredire,5.5
21365,Trekkies,6.9
21370,Tremors 4: The Legend Begins,5.3
21376,Trespass,6.3
21381,Trial by Jury,5.4
21382,Triangle,6.3
21387,Trick or Treat,5.8
21395,Trinity Is Still My Name,7.3
21396,Trio,7.2
21404,Tristan & Isolde,6.8
21416,Troma's War,5.7
21417,Tromeo and Juliet,6.1
21429,Troy,7.2
21433,True Blood,5.5
21437,True Crime,5.4
21464,Tsotsi,7.2
21479,Tumbleweeds,6.7
21512,Twenty Bucks,6.3
21542,Two Drifters,6.0
21544,Two Girls and a Guy,5.5
21547,Two Hands,7.1
21561,Two Tickets to Paradise,5.7
21566,Two for the Money,6.3
21614,Ulysses,6.6
21651,Uncle Buck,7.0
21654,Uncommon Valor,6.4
21656,Unconditional Love,6.8
21684,Under the Sun of Satan,6.8
21686,Under the Tuscan Sun,6.8
21698,Underworld,4.9
21702,Underworld: Rise of the Lycans,6.6
21718,Unforgiven,8.2
21732,Universal Soldier: The Return,4.2
21733,Unknown,6.5
21735,Unlawful Entry,6.3
21736,Unleashed,7.0
21746,Unstrung Heroes,6.7
21750,Until September,5.9
21751,Until They Sail,6.5
21761,Up at the Villa,6.0
21765,Up the Academy,4.7
21772,Upswing,6.7
21775,Urban Cowboy,6.3
21793,Uzak,7.6
21794,Uzumaki,6.2
21811,Vagabond,7.7
21815,Valentine,4.8
21823,Valkyrie,7.1
21825,Valley Girl,6.4
21837,Vampire Assassin,1.4
21848,Vampires vs. Zombies,1.6
21849,Vampires: Los Muertos,4.5
21857,Vanilla Sky,6.9
21859,Vanishing Point,5.7
21873,Veer-Zaara,7.8
21892,Venom,4.6
21905,Veronica Mars,8.3
21916,Vettaiyaadu Vilaiyaadu,7.9
21936,Victoria in Dover,6.5
21944,Vigilante,6.5
21952,Villa Paranoia,6.6
21980,Virtual Sexuality,5.0
21987,Visible Secret,5.9
22010,Vivah,6.6
22011,Vive L'Amour,7.4
22013,Vixen!,5.7
22020,Vodka Lemon,6.8
22026,Voices from Beyond,5.1
22030,Volcano,5.5
22039,Volver,7.6
22056,Waco: The Rules of Engagement,7.9
22060,Wagon Master,7.1
22061,Wagons East!,4.9
22071,Waiting for the Messiah,6.7
22087,Waking Up in Reno,5.4
22103,Walking Tall: Lone Justice,4.9
22123,Waqt: The Race Against Time,7.0
22131,War and Peace,7.2
22143,WarGames: The Dead Code,4.6
22145,Warlock,6.2
22155,Washington Square,6.7
22156,Wassup Rockers,6.0
22160,Watch on the Rhine,7.3
22161,Watchers,5.4
22162,Watching the Detectives,6.4
22165,Water,7.7
22168,Water Lilies,6.7
22217,We Were Soldiers,7.2
22246,Welcome to Collinwood,6.4
22254,Welcome to Sarajevo,6.8
22262,Wendigo,5.0
22265,Werckmeister Harmonies,8.2
22277,Wet Hot American Summer,6.6
22282,What Alice Found,6.5
22293,What Have I Done to Deserve This?,7.2
22295,What Have You Done to Solange?,7.0
22326,What the Bleep Do We Know!?,5.3
22330,What's Cooking?,6.9
22339,What's the Matter with Helen?,6.4
22359,When Luck Breaks the Door,6.1
22360,When Nietzsche Wept,6.5
22373,When a Killer Calls,4.1
22376,When a Stranger Calls,5.1
22377,When in Rome,4.8
22392,Where Is Fred?,6.3
22396,Where Were You When the Lights Went Out?,5.9
22401,Where the Heart Is,6.0
22410,While She Was Out,4.8
22419,Whipped,4.6
22437,White Chicks,5.6
22446,White Heat,8.1
22453,White Men Can't Jump,6.8
22457,White Noise,5.5
22464,White Squall,6.6
22479,Who Dares Wins,6.3
22489,Who's That Girl,4.8
22491,Who's Your Daddy?,4.7
22496,Wholly Moses!,4.6
22499,Whose Life Is It Anyway?,7.3
22503,Why Do Fools Fall in Love,6.4
22514,Wicked City,6.7
22515,Wicked Little Things,5.1
22540,Wild Flowers,7.2
22550,Wild Side,6.4
22553,Wild Thing,5.2
22557,Wild Tigers I Have Known,6.1
22566,Wilder Napalm,5.6
22587,Winchester '73,7.6
22638,Witchery,4.3
22662,Witness,7.4
22704,Women in Love,7.3
22720,Wonderland,6.6
22734,World Traveler,5.4
22749,Written on the Wind,7.5
22752,Wrong Is Right,5.7
22774,X-Men Origins: Wolverine,6.6
22816,Year of the Comet,5.8
22827,Yentl,6.5
22832,"Yes, Giorgio",3.8
22834,Yesterday,7.6
22835,Yesterday Once More,6.2
22869,You Kill Me,6.5
22875,You Stupid Man,5.8
22876,You Were Never Lovelier,7.3
22889,"You, the Living",7.5
22904,Young Mr. Lincoln,7.6
22913,Youngblood,6.2
22929,Yu-Gi-Oh!,7.2
22942,Zabriskie Point,7.0
22949,Zandalee,4.4
22969,Zero Day,7.3
22987,Zinda Laash,5.4
22996,Zombi 3,4.9
23007,Zomerhitte,5.2
23022,"Zorro, The Gay Blade",6.3
23026,Zulu Dawn,6.6
23037,scoop,6.7
23052,Æon Flux,5.5
23061,İki Genç Kız,5.7
